{"cameraMode":{"drawMode":0,"name":"Shaded","section":"Shading Mode"},"sceneLighting":false,"audioPlay":false,"sceneViewState":{"m_AlwaysRefresh":false,"showFog":true,"showSkybox":false,"showFlares":true,"showImageEffects":true,"showParticleSystems":true,"showVisualEffectGraphs":true,"m_FxEnabled":true},"in2DMode":false,"pivot":{"x":-0.06307435780763626,"y":3.5542588233947756,"z":-16.89812469482422},"rotation":{"x":0.05546928569674492,"y":0.9245442152023315,"z":-0.14517025649547578,"w":0.3485752046108246},"size":0.8660253882408142,"orthographic":false}