{"cameraMode":{"drawMode":0,"name":"Shaded","section":"Shading Mode"},"sceneLighting":false,"audioPlay":false,"sceneViewState":{"m_AlwaysRefresh":false,"showFog":true,"showSkybox":false,"showFlares":true,"showImageEffects":true,"showParticleSystems":true,"showVisualEffectGraphs":true,"m_FxEnabled":true},"in2DMode":false,"pivot":{"x":-1.9714466333389283,"y":0.2259027361869812,"z":-3.3736486434936525},"rotation":{"x":0.37619712948799136,"y":0.3007758557796478,"z":-0.1304967999458313,"w":0.8666938543319702},"size":0.34624382853507998,"orthographic":false}