{"cameraMode":{"drawMode":0,"name":"Shaded","section":"Shading Mode"},"sceneLighting":false,"audioPlay":false,"sceneViewState":{"m_AlwaysRefresh":false,"showFog":true,"showSkybox":false,"showFlares":true,"showImageEffects":true,"showParticleSystems":true,"showVisualEffectGraphs":true,"m_FxEnabled":true},"in2DMode":false,"pivot":{"x":1.5349609851837159,"y":1.6075289249420167,"z":-0.1112411767244339},"rotation":{"x":-0.01176926027983427,"y":0.9843874573707581,"z":-0.1608721762895584,"w":-0.07130204141139984},"size":0.4631642699241638,"orthographic":false}