{"cameraMode":{"drawMode":0,"name":"Shaded","section":"Shading Mode"},"sceneLighting":false,"audioPlay":false,"sceneViewState":{"m_AlwaysRefresh":false,"showFog":true,"showSkybox":false,"showFlares":true,"showImageEffects":true,"showParticleSystems":true,"showVisualEffectGraphs":true,"m_FxEnabled":true},"in2DMode":false,"pivot":{"x":-1.4588526487350464,"y":0.02515530213713646,"z":-2.9677674770355226},"rotation":{"x":0.36633288860321047,"y":-0.0027119959704577924,"z":0.0015867045149207116,"w":0.930655837059021},"size":0.39303794503211977,"orthographic":false}