{"cameraMode":{"drawMode":0,"name":"Shaded","section":"Shading Mode"},"sceneLighting":false,"audioPlay":false,"sceneViewState":{"m_AlwaysRefresh":false,"showFog":true,"showSkybox":false,"showFlares":true,"showImageEffects":true,"showParticleSystems":true,"showVisualEffectGraphs":true,"m_FxEnabled":true},"in2DMode":false,"pivot":{"x":-11.207582473754883,"y":4.862212657928467,"z":-5.776495456695557},"rotation":{"x":-0.11822333931922913,"y":0.0014695643913000823,"z":-0.000177922222064808,"w":-0.9929874539375305},"size":0.4109460115432739,"orthographic":false}