{"cameraMode":{"drawMode":0,"name":"Shaded","section":"Shading Mode"},"sceneLighting":false,"audioPlay":false,"sceneViewState":{"m_AlwaysRefresh":false,"showFog":true,"showSkybox":false,"showFlares":true,"showImageEffects":true,"showParticleSystems":true,"showVisualEffectGraphs":true,"m_FxEnabled":true},"in2DMode":false,"pivot":{"x":-1.4098925590515137,"y":0.41408291459083559,"z":-3.5472187995910646},"rotation":{"x":0.37619712948799136,"y":0.3007758557796478,"z":-0.1304967999458313,"w":0.8666938543319702},"size":0.5833516120910645,"orthographic":false}