{"cameraMode":{"drawMode":0,"name":"Shaded","section":"Shading Mode"},"sceneLighting":true,"audioPlay":false,"sceneViewState":{"m_AlwaysRefresh":false,"showFog":true,"showSkybox":true,"showFlares":true,"showImageEffects":true,"showParticleSystems":true,"showVisualEffectGraphs":true,"m_FxEnabled":true},"in2DMode":false,"pivot":{"x":0.5576268434524536,"y":0.75584477186203,"z":-0.2680874168872833},"rotation":{"x":0.016789855435490609,"y":0.9829227328300476,"z":-0.11702462285757065,"w":0.14102233946323396},"size":4.034545421600342,"orthographic":false}