{"cameraMode":{"drawMode":0,"name":"Shaded","section":"Shading Mode"},"sceneLighting":true,"audioPlay":false,"sceneViewState":{"m_AlwaysRefresh":false,"showFog":true,"showSkybox":true,"showFlares":true,"showImageEffects":true,"showParticleSystems":true,"showVisualEffectGraphs":true,"m_FxEnabled":true},"in2DMode":false,"pivot":{"x":-3.0592570304870607,"y":2.679863452911377,"z":0.6320996880531311},"rotation":{"x":-0.1052434891462326,"y":-0.14638248085975648,"z":0.015101601369678975,"w":-0.9837039709091187},"size":1.3986889123916627,"orthographic":false}