{"cameraMode":{"drawMode":0,"name":"Shaded","section":"Shading Mode"},"sceneLighting":true,"audioPlay":false,"sceneViewState":{"m_AlwaysRefresh":false,"showFog":true,"showSkybox":true,"showFlares":true,"showImageEffects":true,"showParticleSystems":true,"showVisualEffectGraphs":true,"m_FxEnabled":true},"in2DMode":false,"pivot":{"x":-4.219923973083496,"y":1.5603644847869874,"z":-2.1897952556610109},"rotation":{"x":-0.046868618577718738,"y":-0.6358401775360107,"z":0.038825441151857379,"w":-0.7695203423500061},"size":1.8747447729110718,"orthographic":false}