{"cameraMode":{"drawMode":0,"name":"Shaded","section":"Shading Mode"},"sceneLighting":true,"audioPlay":false,"sceneViewState":{"m_AlwaysRefresh":false,"showFog":true,"showSkybox":true,"showFlares":true,"showImageEffects":true,"showParticleSystems":true,"showVisualEffectGraphs":true,"m_FxEnabled":true},"in2DMode":false,"pivot":{"x":-3.8699491024017336,"y":3.3961267471313478,"z":-12.262975692749024},"rotation":{"x":0.058461181819438937,"y":-0.018294427543878557,"z":0.0017058554803952575,"w":0.9983343482017517},"size":0.25980743765830996,"orthographic":false}