{"cameraMode":{"drawMode":0,"name":"Shaded","section":"Shading Mode"},"sceneLighting":true,"audioPlay":false,"sceneViewState":{"m_AlwaysRefresh":false,"showFog":true,"showSkybox":true,"showFlares":true,"showImageEffects":true,"showParticleSystems":true,"showVisualEffectGraphs":true,"m_FxEnabled":true},"in2DMode":false,"pivot":{"x":-9.013440132141114,"y":0.23968371748924256,"z":9.29892635345459},"rotation":{"x":-0.22164218127727509,"y":0.006149122957140207,"z":-0.0013995188055559993,"w":-0.9751195311546326},"size":2.830815315246582,"orthographic":false}