{"cameraMode":{"drawMode":0,"name":"Shaded","section":"Shading Mode"},"sceneLighting":true,"audioPlay":false,"sceneViewState":{"m_AlwaysRefresh":false,"showFog":true,"showSkybox":true,"showFlares":true,"showImageEffects":true,"showParticleSystems":true,"showVisualEffectGraphs":true,"m_FxEnabled":true},"in2DMode":false,"pivot":{"x":-5.998164176940918,"y":1.7535905838012696,"z":4.898614406585693},"rotation":{"x":-0.0074997288174927238,"y":0.00361745897680521,"z":0.00005043424607720226,"w":1.000028371810913},"size":1.372625708580017,"orthographic":false}