{"cameraMode":{"drawMode":0,"name":"Shaded","section":"Shading Mode"},"sceneLighting":true,"audioPlay":false,"sceneViewState":{"m_AlwaysRefresh":false,"showFog":true,"showSkybox":true,"showFlares":true,"showImageEffects":true,"showParticleSystems":true,"showVisualEffectGraphs":true,"m_FxEnabled":true},"in2DMode":false,"pivot":{"x":-5.533618927001953,"y":2.1533894538879396,"z":0.562197208404541},"rotation":{"x":-0.015792742371559144,"y":0.9643334746360779,"z":-0.25756508111953738,"w":-0.05909256637096405},"size":2.1381208896636965,"orthographic":false}