{"cameraMode":{"drawMode":0,"name":"Shaded","section":"Shading Mode"},"sceneLighting":true,"audioPlay":false,"sceneViewState":{"m_AlwaysRefresh":false,"showFog":true,"showSkybox":true,"showFlares":true,"showImageEffects":true,"showParticleSystems":true,"showVisualEffectGraphs":true,"m_FxEnabled":true},"in2DMode":false,"pivot":{"x":-4.286898612976074,"y":2.6989529132843019,"z":0.3693194091320038},"rotation":{"x":-0.42139607667922976,"y":0.009508522227406502,"z":-0.004409343004226685,"w":-0.9068406224250794},"size":0.04785514250397682,"orthographic":false}