{"cameraMode":{"drawMode":0,"name":"Shaded","section":"Shading Mode"},"sceneLighting":true,"audioPlay":false,"sceneViewState":{"m_AlwaysRefresh":false,"showFog":true,"showSkybox":true,"showFlares":true,"showImageEffects":true,"showParticleSystems":true,"showVisualEffectGraphs":true,"m_FxEnabled":true},"in2DMode":false,"pivot":{"x":454.7160949707031,"y":439.3306579589844,"z":-13.979666709899903},"rotation":{"x":-0.018484478816390039,"y":0.9806431531906128,"z":0.11526137590408325,"w":0.15725909173488618},"size":103.07766723632813,"orthographic":false}