{"cameraMode":{"drawMode":0,"name":"Shaded","section":"Shading Mode"},"sceneLighting":true,"audioPlay":false,"sceneViewState":{"m_AlwaysRefresh":false,"showFog":true,"showSkybox":true,"showFlares":true,"showImageEffects":true,"showParticleSystems":true,"showVisualEffectGraphs":true,"m_FxEnabled":true},"in2DMode":false,"pivot":{"x":-5.421176910400391,"y":2.158773183822632,"z":4.253312587738037},"rotation":{"x":-0.03180335462093353,"y":-0.7250230312347412,"z":0.033897385001182559,"w":-0.6872977614402771},"size":0.42230308055877688,"orthographic":false}