{"cameraMode":{"drawMode":0,"name":"Shaded","section":"Shading Mode"},"sceneLighting":false,"audioPlay":false,"sceneViewState":{"m_AlwaysRefresh":false,"showFog":true,"showSkybox":false,"showFlares":true,"showImageEffects":true,"showParticleSystems":true,"showVisualEffectGraphs":true,"m_FxEnabled":true},"in2DMode":false,"pivot":{"x":-9.994980812072754,"y":1.591901421546936,"z":5.241928577423096},"rotation":{"x":-0.0030624724458903076,"y":0.9904537200927734,"z":-0.13604311645030976,"w":-0.022288070991635324},"size":0.611007571220398,"orthographic":false}