{"cameraMode":{"drawMode":0,"name":"Shaded","section":"Shading Mode"},"sceneLighting":false,"audioPlay":false,"sceneViewState":{"m_AlwaysRefresh":false,"showFog":true,"showSkybox":false,"showFlares":true,"showImageEffects":true,"showParticleSystems":true,"showVisualEffectGraphs":true,"m_FxEnabled":true},"in2DMode":false,"pivot":{"x":-5.239486217498779,"y":0.8952826261520386,"z":-8.359999656677246},"rotation":{"x":0.004322168417274952,"y":-0.9929532408714294,"z":0.11218078434467316,"w":0.03847133740782738},"size":2.1381208896636965,"orthographic":false}